CustomerKey,CustomerID,CustomerName,CompanyName,CustomerCountry,CustomerRegion,CustomerCity,CustomerPostalCode,RowIsCurrent,RowStartDate,RowEndDate,RowChangeReason,RowIsDeleted
1,1,Bastien Sturm,Alice Enterprises,France,Rhone-Alpes,Grenoble,12345,1,1899-12-31,9999-12-31,,False
2,2,Leonor Mendez,Green Solutions,Portugal,Sintra,Lisbon,23456,1,1899-12-31,9999-12-31,,False
3,3,Gabriele Fasani,Black Industries,Italy,Rome,Travestere,34567,1,1899-12-31,9999-12-31,,False
4,4,Sonke Sturm,Brown Corp,Germany,Rostock,Hamburg,45678,1,1899-12-31,9999-12-31,,False
5,5,Diogo Paco,White Enterprises,Portugal,Lagos,Faro,56789,1,1899-12-31,9999-12-31,,False
6,6,Joana Clot,Gray Industries,Spain,Catalonia,Costa Brava,67890,1,1899-12-31,9999-12-31,,False
7,7,Christos Antonopoulos,Blue Corp,Greece,Chaidari,Athens,78901,1,1899-12-31,9999-12-31,,False
8,8,Giannis Kourouniotis,Red Enterprises,Greece,Peristeri,Athens,89012,1,1899-12-31,9999-12-31,,False
9,9,Ioanna Tzani,Yellow Solutions,Greece,Ano Petralona,Athens,90123,1,1899-12-31,9999-12-31,,False
10,10,Milinkovic Savic,Purple Corp,Serbia,Novsad,Belgrade,10112,1,1899-12-31,9999-12-31,,False
11,11,Edi Seifo,Pink Solutions,Albania,Durcin,Tirana,11223,1,1899-12-31,9999-12-31,,False
12,12,John Terry,Orange Corp,United Kingdom,Shoreditch,London,12334,1,1899-12-31,9999-12-31,,False
13,13,Claire Delly,Silver Enterprises,Ireland,Cole,Dublin,13445,1,1899-12-31,9999-12-31,,False
14,14,Kostas Varas,Gold Solutions,Greece,Ampelokipoi,Athens,14556,1,1899-12-31,9999-12-31,,False
15,15,Panos Vasilopoulos,Platinum Corp,Greece,Koukaki,Athens,15667,1,1899-12-31,9999-12-31,,False
