EmployeeKey,EmployeeID,EmployeeName,DepartmentName,RowIsCurrent,RowStartDate,RowEndDate,RowChangeReason,RowIsDeleted
1,1,John Doe,Production,1,1899-12-31,9999-12-31,,False
2,2,Jane Smith,Production,1,1899-12-31,9999-12-31,,False
3,3,James Johnson,Production,1,1899-12-31,9999-12-31,,False
4,4,Emily Brown,Production,1,1899-12-31,9999-12-31,,False
5,5,Michael Davis,Production,1,1899-12-31,9999-12-31,,False
6,6,Sarah Miller,Production,1,1899-12-31,9999-12-31,,False
7,7,David Wilson,Production,1,1899-12-31,9999-12-31,,False
8,8,Laura Moore,Production,1,1899-12-31,9999-12-31,,False
9,9,Daniel Taylor,Production,1,1899-12-31,9999-12-31,,False
10,10,Lisa Anderson,Production,1,1899-12-31,9999-12-31,,False
11,11,Paul McArthur,Production,1,1899-12-31,9999-12-31,,False
12,12,Anna Jackson,Production,1,1899-12-31,9999-12-31,,False
13,13,Mark White,Production,1,1899-12-31,9999-12-31,,False
