MaterialKey,MaterialID,MaterialName,CostOfMaterial,SupplierID,SupplierName,RowIsCurrent,RowStartDate,RowEndDate,RowChangeReason,RowIsDeleted
1,1,Cement,.15,1,ABC Materials,1,1899-12-31,9999-12-31,,False
2,2,Steel,.13,2,XYZ Supplies,1,1899-12-31,9999-12-31,,False
3,3,Clay,.10,3,Top Steel,1,1899-12-31,9999-12-31,,False
4,4,Insulation,.10,4,Concrete Masters,1,1899-12-31,9999-12-31,,False
5,5,Paint,.45,5,BrickWorks,1,1899-12-31,9999-12-31,,False
6,6,Sand,.08,6,Insulation Experts,1,1899-12-31,9999-12-31,,False
7,7,Gravel,.18,7,Roofing World,1,1899-12-31,9999-12-31,,False
8,8,Lumber,.20,8,Metal Pros,1,1899-12-31,9999-12-31,,False
9,9,Glass,.21,9,Cement Central,1,1899-12-31,9999-12-31,,False
10,10,Aluminum,.40,10,Construction Essentials,1,1899-12-31,9999-12-31,,False
11,11,Copper,.50,11,Steel Giants,1,1899-12-31,9999-12-31,,False
12,12,PVC,.80,12,Urban Materials,1,1899-12-31,9999-12-31,,False
13,13,Fiberglass,.90,13,Prime Raw,1,1899-12-31,9999-12-31,,False
14,14,Asphalt,.60,14,Building Blocks Co.,1,1899-12-31,9999-12-31,,False
15,15,Ceramic,.30,15,Quality Materials,1,1899-12-31,9999-12-31,,False
