OrderID,ProductID,OrderStatus,ProductKey,CustomerKey,EmployeeKey,DeliveryPartnerID,OrderDateKey,Quantity,Price,ExtendedPriceAmount
130,SKU007,in process,7,1,3,13,20240618,100,.75,75
130,SKU008,in process,8,1,3,13,20240618,300,15.00,4500
134,SKU001,in process,1,2,7,8,20240622,100,1.50,150
134,SKU015,in process,15,2,7,8,20240622,200,12.00,2400
132,SKU011,in process,11,4,1,15,20240620,450,2.50,1125
132,SKU012,in process,12,4,1,15,20240620,200,18.00,3600
127,SKU003,in process,3,5,11,4,20240616,150,3.00,450
127,SKU004,in process,4,5,11,4,20240616,100,25.00,2500
129,SKU004,in process,4,8,10,6,20240617,100,25.00,2500
129,SKU010,in process,10,8,10,6,20240617,300,1.50,450
