USE CataschevasticaV2
GO

INSERT INTO Supplier (Name, Phone) VALUES 
('ABC Materials', '123-456-7890'),
('XYZ Supplies', '234-567-8901'),
('Top Steel', '344-678-9012'),
('Concrete Masters', '456-789-1123'),
('BrickWorks', '567-890-1254'),
('Insulation Experts', '679-901-2345'),
('Roofing World', '789-012-3457'),
('Metal Pros', '890-123-4568'),
('Cement Central', '901-234-5678'),
('Construction Essentials', '012-345-6789'),
('Steel Giants', '123-456-7891'),
('Urban Materials', '234-568-8901'),
('Prime Raw', '345-678-9012'),
('Building Blocks Co.', '456-789-0123'),
('Quality Materials', '567-890-1234');


INSERT INTO Department (Name) VALUES 
('Production'),
('Sales'),
('Logistics'),
('Accounting'),
('Research & Development'),
('IT'),
('Quality Control'),
('Marketing'),
('Security'),
('Legal');

INSERT INTO ProductionEmployee (FirstName, LastName, DepartmentID) VALUES 
('John', 'Doe', 1),
('Jane', 'Smith', 1),
('James', 'Johnson', 1),
('Emily', 'Brown', 1),
('Michael', 'Davis', 1),
('Sarah', 'Miller', 1),
('David', 'Wilson', 1),
('Laura', 'Moore', 1),
('Daniel', 'Taylor', 1),
('Lisa', 'Anderson', 1),
('Paul', 'McArthur', 1),
('Anna', 'Jackson', 1),
('Mark', 'White', 1);

INSERT INTO Customer (FirstName, LastName, Email, Phone, Address, City, Region, PostalCode, Country, CompanyName) VALUES 
('Bastien', 'Sturm', 'bastien.sturm@example.com', '111-223-3333', '123 Elm St', 'Grenoble', 'Rhone-Alpes', 12345, 'France', 'Alice Enterprises'),
('Leonor', 'Mendez', 'leonoer.mendez@example.com', '222-333-4464', '456 Oak St', 'Lisbon', 'Sintra', 23456, 'Portugal', 'Green Solutions'),
('Gabriele', 'Fasani', 'gabriele.fasani@example.com', '337-444-5555', '789 Pine St', 'Travestere', 'Rome', 34567, 'Italy', 'Black Industries'),
('Sonke', 'Sturm', 'sonke.storm@example.com', '444-559-6666', '321 Maple St', 'Hamburg', 'Rostock', 45678, 'Germany', 'Brown Corp'),
('Diogo', 'Paco', 'diogo.paco@example.com', '555-666-7778', '654 Cedar St', 'Faro', 'Lagos', 56789, 'Portugal', 'White Enterprises'),
('Joana', 'Clot', 'joana.clot@example.com', '666-777-8288', '987 Birch St', 'Costa Brava', 'Catalonia', 67890, 'Spain', 'Gray Industries'),
('Christos', 'Antonopoulos', 'cris.antono@example.com', '777-888-9099', '123 Makrigianni', 'Athens', 'Chaidari', 78901, 'Greece', 'Blue Corp'),
('Giannis', 'Kourouniotis', 'john.kourou@example.com', '888-999-0010', '63 Polykarpou', 'Athens', 'Peristeri', 89012, 'Greece', 'Red Enterprises'),
('Ioanna', 'Tzani', 'ioanna.tzani@example.com', '994-000-1111', '7 Troon', 'Athens', 'Ano Petralona', 90123, 'Greece', 'Yellow Solutions'),
('Milinkovic', 'Savic', 'milinkovic.savic@example.com', '005-111-2222', '321 Fir St', 'Belgrade', 'Novsad', 10112, 'Serbia', 'Purple Corp'),
('Edi', 'Seifo', 'edi.seifo@example.com', '111-222-3335', '654 Palm St', 'Tirana', 'Durcin', 11223, 'Albania', 'Pink Solutions'),
('John', 'Terry', 'John.terry@example.com', '221-333-4444', '987 Beech St', 'London', 'Shoreditch', 12334, 'United Kingdom', 'Orange Corp'),
('Claire', 'Delly', 'claire.delly@example.com', '333-443-5555', '123 Cypress St', 'Dublin', 'Cole', 13445, 'Ireland', 'Silver Enterprises'),
('Kostas', 'Varas', 'kostas.varas@example.com', '444-555-6667', '46 Ilission', 'Athens', 'Ampelokipoi', 14556, 'Greece', 'Gold Solutions'),
('Panos', 'Vasilopoulos', 'pan.vas@example.com', '552-666-7777', '78 Kiriadon', 'Athens', 'Koukaki', 15667, 'Greece', 'Platinum Corp');

INSERT INTO LogisticsPartner (Name, Phone) VALUES 
('Speedy Delivery', '111-262-3333'),
('FastTrack Logistics', '272-333-4444'),
('QuickShip', '333-444-5575'),
('Express Movers', '444-555-6266'),
('Rapid Transit', '555-666-7767'),
('NextDay Delivery', '666-777-8988'),
('Overnight Express', '777-888-9099'),
('FastLane Couriers', '888-999-0100'),
('SwiftShippers', '999-000-1110'),
('Prime Logistics', '000-111-2212'),
('EcoFreight', '111-222-3323'),
('SecureShip', '222-333-4774'),
('ProMovers', '333-444-5995'),
('Elite Transport', '444-555-6556'),
('DirectDelivery', '555-666-7667');

INSERT INTO Product (SKU, Name, Length, Width, Thickness, Weight, Colour, ComplianceStandards, Price, Quantity, EstimatedTime) VALUES 
('SKU001', 'Concrete Block', 39.0, 19.0, 19.0, 14.0, 'Gray', 'ISO 9001', 1.50, 1000, 2),
('SKU002', 'Steel Beam', 600.0, 20.0, 10.0, 50.0, 'Silver', 'ASTM A36', 45.00, 500, 2),
('SKU003', 'Roofing Tile', 30.0, 20.0, 1.0, 2.0, 'Red', 'EN 1304', 3.00, 2000, 2),
('SKU004', 'Insulation Roll', 1000.0, 50.0, 10.0, 10.0, 'White', 'ISO 14001', 25.00, 150, 2),
('SKU005', 'Cement Bag', 0.5, 0.5, 0.5, 25.0, 'Gray', 'EN 197-1', 5.00, 1000, 1),
('SKU006', 'Rebar', 600.0, 2.0, 2.0, 10.0, 'Silver', 'ASTM A615', 7.50, 300, 1),
('SKU007', 'Brick', 20.0, 10.0, 5.0, 3.0, 'Red', 'EN 771-1', 0.75, 5000, 1),
('SKU008', 'Plywood', 244.0, 122.0, 2.0, 20.0, 'Brown', 'BS 5268', 15.00, 400, 2),
('SKU009', 'Gravel', 0.0, 0.0, 0.0, 50.0, 'Gray', 'EN 12620', 2.00, 1000, 1),
('SKU010', 'Sand', 0.0, 0.0, 0.0, 50.0, 'Yellow', 'EN 13139', 1.50, 1000, 1),
('SKU011', 'Ceramic Tile', 30.0, 30.0, 0.5, 1.5, 'White', 'EN 14411', 2.50, 1500, 3),
('SKU012', 'Fiber Cement Board', 300.0, 150.0, 1.5, 10.0, 'Gray', 'ISO 8336', 18.00, 600, 2),
('SKU013', 'Aluminum Sheet', 240.0, 120.0, 0.3, 5.0, 'Silver', 'ASTM B209', 10.00, 700, 1),
('SKU014', 'Glass Pane', 200.0, 100.0, 0.5, 15.0, 'Clear', 'EN 572-1', 50.00, 200, 2),
('SKU015', 'Copper Wire', 500.0, 0.5, 0.5, 8.0, 'Copper', 'ASTM B3', 12.00, 800, 1);

INSERT INTO RawMaterial (Name, SupplierID, CostOfMaterial) VALUES 
('Cement', 1, 0.15),
('Steel', 2, 0.13),
('Clay', 3, 0.1),
('Insulation', 4, 0.1),
('Paint', 5, 0.45),
('Sand', 6, 0.08),
('Gravel', 7, 0.18),
('Lumber', 8, 0.2),
('Glass', 9, 0.21),
('Aluminum', 10, 0.4),
('Copper', 11, 0.5),
('PVC', 12, 0.8),
('Fiberglass', 13, 0.9),
('Asphalt', 14, 0.6),
('Ceramic', 15, 0.3);


INSERT INTO ProductMaterials (SKU, MaterialID, RequiredUnitsOfRawMaterial) VALUES 
('SKU001', 1, 2),
('SKU002', 2, 3),
('SKU003', 3, 2),
('SKU004', 4, 5),
('SKU005', 1, 3),
('SKU006', 2, 5),
('SKU007', 3, 4),
('SKU008', 8, 5),
('SKU009', 7, 6),
('SKU010', 6, 5),
('SKU011', 15, 4),
('SKU012', 1, 2),
('SKU013', 10, 5),
('SKU014', 9, 3),
('SKU015', 11, 1);


/*
--to produce results for the daily report query
INSERT INTO Orders (OrderStatus, SubmittedAt, DeliveryAt, CompletedAt, CancelledAt, CustomerID, EmployeeID, DeliveryPartnerID) VALUES 
('completed', DATEADD(day, -4, GETDATE()), DATEADD(day, -1, GETDATE()), GETDATE(), NULL, 11, 2, 6),
('completed', DATEADD(day, -3, GETDATE()), DATEADD(day, -2, GETDATE()), GETDATE(), NULL, 15, 7, 15),
('in delivery', DATEADD(day, -2, GETDATE()), GETDATE(), NULL, NULL, 12, 9, 11),
('in delivery', DATEADD(day, -1, GETDATE()), GETDATE(), NULL, NULL, 10, 3, 8),
('cancelled', DATEADD(day, -1, GETDATE()), NULL ,NULL , GETDATE(), 1, 8, 12),
('in process', GETDATE(), NULL, NULL, NULL, 8, 7, 15);
*/

-- Insert completed or canceled orders
INSERT INTO Orders (OrderStatus, SubmittedAt, DeliveryAt, CompletedAt, CancelledAt, CustomerID, EmployeeID, DeliveryPartnerID) VALUES 
('completed', '2023-01-12 11:00:00', '2023-01-17 12:00:00', '2023-01-22 13:00:00', NULL, 11, 7, 9),
('completed', '2023-01-15 08:00:00', '2023-01-20 10:00:00', '2023-01-25 12:00:00', NULL, 1, 7, 11),
('completed', '2023-01-16 06:00:00', '2023-01-19 17:00:00', '2023-01-21 09:00:00', NULL, 11, 5, 8),
('completed', '2023-01-20 10:00:00', '2023-01-23 10:00:00', '2023-01-27 12:00:00', NULL, 2, 9, 7),
('cancelled', '2023-01-20 14:00:00', NULL, NULL, '2023-01-25 15:00:00', 2, 10, 5),
('completed', '2023-01-23 11:00:00', '2023-01-26 10:00:00', '2023-01-29 13:00:00', NULL, 1, 7, 11),

('completed', '2023-02-01 08:00:00', '2023-02-06 09:00:00', '2023-02-11 10:00:00', NULL, 12, 13, 3),
('completed', '2023-02-15 05:00:00', '2023-02-19 17:00:00', '2023-02-23 09:00:00', NULL, 2, 7, 11),
('cancelled', '2023-02-17 07:00:00', NULL, NULL, '2023-02-18 16:00:00', 9, 7, 9),
('completed', '2023-02-18 10:00:00', '2023-02-23 11:00:00', '2023-02-28 12:00:00', NULL, 4, 4, 8),

('cancelled', '2023-03-01 09:00:00', NULL, NULL, '2023-03-06 10:00:00', 15, 7, 14),
('completed', '2023-03-10 09:00:00', '2023-03-15 11:00:00', '2023-03-20 14:00:00', NULL, 12, 2, 9),
('completed', '2023-03-05 14:00:00', '2023-03-10 15:00:00', '2023-03-15 16:00:00', NULL, 6, 9, 11),
('completed', '2023-03-13 15:00:00', '2023-03-20 12:00:00', '2023-03-23 15:00:00', NULL, 2, 2, 10),
('cancelled', '2023-03-14 04:00:00', NULL, NULL, '2023-03-17 05:00:00', 15, 6, 1),
('completed', '2023-03-17 13:00:00', '2023-03-22 14:00:00', '2023-03-27 15:00:00', NULL, 3, 7, 8),
('completed', '2023-03-18 15:00:00', '2023-03-23 16:00:00', '2023-03-28 17:00:00', NULL, 4, 3, 13),
('completed', '2023-03-19 08:00:00', '2023-03-24 12:00:00', '2023-03-26 10:00:00', NULL, 6, 10, 7),

('completed', '2023-04-03 03:00:00', '2023-04-07 14:00:00', '2023-04-09 15:00:00', NULL, 3, 1, 12),
('cancelled', '2023-04-05 10:00:00', NULL, NULL, '2023-04-07 08:00:00', 8, 5, 3),
('cancelled', '2023-04-10 12:00:00', NULL, NULL, '2023-04-15 13:00:00', 2, 5, 10),
('completed', '2023-04-10 15:00:00', '2023-04-12 12:00:00', '2023-04-13 15:00:00', NULL, 2, 4, 2),
('completed', '2023-04-12 14:00:00', '2023-04-14 12:00:00', '2023-04-16 15:00:00', NULL, 7, 5, 9),
('completed', '2023-04-20 12:00:00', '2023-04-23 14:00:00', '2023-04-25 10:00:00', NULL, 1, 2, 3),
('completed', '2023-04-22 16:00:00', '2023-04-27 17:00:00', '2023-05-02 18:00:00', NULL, 9, 11, 8),
('completed', '2023-04-30 10:00:00', '2023-05-03 12:00:00', '2023-05-05 15:00:00', NULL, 2, 4, 2),
('completed', '2023-04-30 17:00:00', '2023-05-05 18:00:00', '2023-05-10 10:00:00', NULL, 5, 13, 3),

('completed', '2023-05-02 10:30:00', '2023-05-06 12:00:00', '2023-05-10 15:00:00', NULL, 3, 5, 8),
('completed', '2023-05-11 14:30:00', '2023-05-15 12:00:00', '2023-05-16 11:00:00', NULL, 7, 2, 4),
('completed', '2023-05-12 02:00:00', '2023-05-16 13:00:00', '2023-05-22 14:00:00', NULL, 5, 4, 9),
('cancelled', '2023-05-15 15:00:00', NULL, NULL, '2023-05-16 16:00:00', 10, 1, 4),
('cancelled', '2023-05-21 16:00:00', NULL, NULL, '2023-05-21 17:00:00', 14, 6, 11),
('completed', '2023-05-25 17:00:00', '2023-05-30 18:00:00', '2023-06-04 19:00:00', NULL, 11, 6, 5),

('completed', '2023-06-01 10:00:00', '2023-06-04 12:00:00', '2023-06-07 12:00:00', NULL, 7, 4, 8),
('completed', '2023-06-03 18:00:00', '2023-06-08 19:00:00', '2023-06-13 20:00:00', NULL, 6, 12, 11),
('completed', '2023-06-15 18:00:00', '2023-06-20 19:00:00', '2023-06-25 20:00:00', NULL, 6, 7, 9),
('completed', '2023-06-18 11:00:00', '2023-06-20 12:00:00', '2023-06-25 15:00:00', NULL, 4, 3, 7),
('cancelled', '2023-06-20 19:00:00', NULL, NULL, '2023-06-25 20:00:00', 9, 13, 15),
('completed', '2023-06-30 09:00:00', '2023-07-02 12:00:00', '2023-07-04 14:00:00', NULL, 8, 5, 4),

('completed', '2023-07-09 08:00:00', '2023-07-12 12:00:00', '2023-07-15 15:00:00', NULL, 9, 2, 3),
('completed', '2023-07-10 20:00:00', '2023-07-14 17:00:00', '2023-07-17 22:00:00', NULL, 4, 2, 7),
('completed', '2023-07-15 09:00:00', '2023-07-17 12:00:00', '2023-07-20 15:00:00', NULL, 10, 4, 2),
('cancelled', '2023-07-15 19:00:00', NULL, NULL, '2023-07-20 20:00:00', 7, 8, 14),
('completed', '2023-07-20 10:00:00', '2023-07-22 11:00:00', '2023-07-25 13:00:00', NULL, 11, 5, 9),
('completed', '2023-07-22 00:00:00', '2023-07-25 14:00:00', '2023-07-29 02:00:00', NULL, 2, 12, 3),
('cancelled', '2023-07-25 21:00:00', NULL, NULL, '2023-07-30 22:00:00', 2, 5, 11),

('completed', '2023-08-01 11:00:00', '2023-08-03 12:00:00', '2023-08-05 15:00:00', NULL, 12, 2, 10),
('completed', '2023-08-01 22:00:00', '2023-08-06 16:00:00', '2023-08-11 17:00:00', NULL, 6, 8, 1),
('completed', '2023-08-10 12:00:00', '2023-08-12 12:00:00', '2023-08-15 15:00:00', NULL, 13, 4, 11),
('cancelled', '2023-08-11 01:00:00', NULL, NULL, '2023-08-13 02:00:00', 15, 10, 4),
('completed', '2023-08-12 14:00:00', '2023-08-17 15:00:00', '2023-08-22 16:00:00', NULL, 14, 11, 2),
('completed', '2023-08-12 23:00:00', '2023-08-17 16:00:00', '2023-08-22 15:00:00', NULL, 15, 7, 2),
('completed', '2023-08-15 13:00:00', '2023-08-17 12:00:00', '2023-08-19 10:00:00', NULL, 14, 5, 12),
('cancelled', '2023-08-20 00:00:00', NULL, NULL, '2023-08-25 16:00:00', 8, 3, 4),
('completed', '2023-08-20 12:00:00', '2023-08-25 13:00:00', '2023-08-30 16:00:00', NULL, 5, 5, 6),
('completed', '2023-08-21 14:00:00', '2023-08-23 12:00:00', '2023-08-26 15:00:00', NULL, 15, 2, 13),
('completed', '2023-08-22 20:00:00', '2023-08-27 11:00:00', '2023-08-28 12:00:00', NULL, 2, 5, 14),

('completed', '2023-09-01 01:00:00', '2023-09-06 15:00:00', '2023-09-11 10:00:00', NULL, 9, 12, 6),
('completed', '2023-09-01 15:00:00', '2023-09-03 12:00:00', '2023-09-05 11:00:00', NULL, 1, 4, 14),
('completed', '2023-09-10 16:00:00', '2023-09-12 12:00:00', '2023-09-15 10:00:00', NULL, 2, 5, 13),
('cancelled', '2023-09-15 02:00:00', NULL, NULL, '2023-09-16 16:00:00', 3, 1, 4),
('cancelled', '2023-09-16 13:00:00', NULL, NULL, '2023-09-18 14:00:00', 4, 1, 5),
('completed', '2023-09-17 17:00:00', '2023-09-20 12:00:00', '2023-09-22 12:00:00', NULL, 3, 2, 12),
('completed', '2023-09-20 18:00:00', '2023-09-22 12:00:00', '2023-09-25 15:00:00', NULL, 4, 4, 11),
('completed', '2023-09-22 23:00:00', '2023-09-25 17:00:00', '2023-09-29 01:00:00', NULL, 11, 6, 13),
('completed', '2023-09-25 03:00:00', '2023-09-30 17:00:00', '2023-10-05 14:00:00', NULL, 11, 5, 10),

('completed', '2023-10-01 19:00:00', '2023-10-03 12:00:00', '2023-10-05 13:00:00', NULL, 5, 5, 10),
('completed', '2023-10-05 04:00:00', '2023-10-10 17:00:00', '2023-10-15 16:00:00', NULL, 15, 6, 12),
('completed', '2023-10-10 20:00:00', '2023-10-13 12:00:00', '2023-10-15 14:00:00', NULL, 6, 2, 9),
('completed', '2023-10-11 21:00:00', '2023-10-16 13:00:00', '2023-10-20 23:00:00', NULL, 14, 3, 15),
('cancelled', '2023-10-14 13:00:00', NULL, NULL, '2023-10-18 10:00:00', 15, 6, 1),
('completed', '2023-10-15 21:00:00', '2023-10-17 12:00:00', '2023-10-22 12:00:00', NULL, 7, 4, 8),
('cancelled', '2023-10-20 05:00:00', NULL, NULL, '2023-10-25 16:00:00', 3, 4, 13),
('completed', '2023-10-20 22:00:00', '2023-10-24 12:00:00', '2023-10-26 13:00:00', NULL, 8, 5, 7),
('completed', '2023-10-30 06:00:00', '2023-11-04 11:00:00', '2023-11-09 09:00:00', NULL, 4, 4, 1),

('completed', '2023-11-01 23:00:00', '2023-11-03 12:00:00', '2023-11-05 14:30:00', NULL, 9, 2, 6),
('completed', '2023-11-04 07:00:00', '2023-11-08 15:00:00', '2023-11-13 09:00:00', NULL, 2, 3, 5),
('completed', '2023-11-10 00:00:00', '2023-11-12 12:00:00', '2023-11-15 13:40:00', NULL, 10, 4, 5),
('cancelled', '2023-11-11 22:00:00', NULL, NULL, '2023-11-13 23:00:00', 8, 12, 10),
('completed', '2023-11-15 01:00:00', '2023-11-18 12:00:00', '2023-11-20 15:00:00', NULL, 11, 10, 8),
('cancelled', '2023-11-20 08:00:00', NULL, NULL, '2023-11-25 09:00:00', 6, 8, 12),
('completed', '2023-11-22 12:00:00', '2023-11-27 13:00:00', '2023-12-02 14:00:00', NULL, 14, 4, 5),

('completed', '2023-12-01 09:00:00', '2023-12-06 12:00:00', '2023-12-11 11:00:00', NULL, 7, 3, 10),
('completed', '2023-12-03 16:00:00', '2023-12-07 12:00:00', '2023-12-10 15:00:00', NULL, 4, 7, 6),
('cancelled', '2023-12-10 10:00:00', NULL, NULL, '2023-12-15 11:00:00', 3, 8, 11),
('completed', '2023-12-12 14:00:00', '2023-12-17 14:00:00', '2023-12-22 18:00:00', NULL, 2, 7, 8),
('completed', '2023-12-20 11:00:00', '2023-12-25 16:00:00', '2023-12-30 13:00:00', NULL, 15, 4, 14),
('completed', '2023-12-20 15:00:00', '2023-12-22 12:00:00', '2023-12-25 15:00:00', NULL, 3, 9, 7),
('cancelled', '2023-12-22 13:00:00', NULL, NULL, '2023-12-22 17:00:00', 5, 7, 8),
('completed', '2023-12-30 17:00:00', '2024-01-02 12:00:00', '2024-01-05 15:00:00', NULL, 5, 9, 5),

('completed', '2024-01-05 18:00:00', '2024-01-09 12:00:00', '2024-01-11 15:00:00', NULL, 6, 7, 4),
('completed', '2024-01-10 19:00:00', '2024-01-12 12:00:00', '2024-01-15 12:00:00', NULL, 7, 9, 3),
('completed', '2024-01-15 20:00:00', '2024-01-17 12:00:00', '2024-01-20 15:00:00', NULL, 8, 7, 2),
('completed', '2024-01-20 21:00:00', '2024-01-24 12:00:00', '2024-01-26 11:00:00', NULL, 9, 9, 1),
('completed', '2024-01-25 22:00:00', '2024-01-27 12:00:00', '2024-01-30 13:00:00', NULL, 10, 7, 15),
('completed', '2024-01-30 23:00:00', '2024-02-01 12:00:00', '2024-02-04 15:00:00', NULL, 11, 1, 9),

('completed', '2024-02-05 00:00:00', '2024-02-07 12:00:00', '2024-02-10 15:00:00', NULL, 12, 13, 8),
('completed', '2024-02-10 01:00:00', '2024-02-12 12:00:00', '2024-02-15 15:00:00', NULL, 13, 7, 7),
('cancelled', '2024-02-14 15:00:00', NULL, NULL, '2024-02-17 12:00:00', 9, 3, 14),
('completed', '2024-02-15 02:00:00', '2024-02-17 12:00:00', '2024-02-20 15:00:00', NULL, 14, 9, 6),
('completed', '2024-02-20 03:00:00', '2024-02-22 12:00:00', '2024-02-25 15:00:00', NULL, 15, 7, 5),
('completed', '2024-02-25 04:00:00', '2024-02-27 12:00:00', '2024-03-01 15:00:00', NULL, 1, 9, 4),

('completed', '2024-03-01 05:00:00', '2024-03-03 12:00:00', '2024-03-06 15:00:00', NULL, 2, 7, 3),
('completed', '2024-03-06 06:00:00', '2024-03-08 12:00:00', '2024-03-11 15:00:00', NULL, 3, 9, 2),
('completed', '2024-03-11 07:00:00', '2024-03-13 12:00:00', '2024-03-16 15:00:00', NULL, 4, 7, 1),
('completed', '2024-03-16 08:00:00', '2024-03-18 12:00:00', '2024-03-21 15:00:00', NULL, 5, 2, 6),
('completed', '2024-03-21 09:00:00', '2024-03-23 12:00:00', '2024-03-26 15:00:00', NULL, 6, 7, 5),
('completed', '2024-03-26 10:00:00', '2024-03-28 12:00:00', '2024-03-31 15:00:00', NULL, 7, 9, 4),
('completed', '2024-03-31 11:00:00', '2024-04-02 12:00:00', '2024-04-05 15:00:00', NULL, 8, 7, 3),

('completed', '2024-04-05 12:00:00', '2024-04-07 12:00:00', '2024-04-10 15:00:00', NULL, 9, 9, 2),
('completed', '2024-04-10 13:00:00', '2024-04-12 12:00:00', '2024-04-15 15:00:00', NULL, 10, 7, 1),
('completed', '2024-04-15 14:00:00', '2024-04-17 12:00:00', '2024-04-20 15:00:00', NULL, 11, 9, 15),
('completed', '2024-04-20 15:00:00', '2024-04-22 12:00:00', '2024-04-25 15:00:00', NULL, 12, 7, 9),
('completed', '2024-04-25 16:00:00', '2024-04-27 12:00:00', '2024-04-30 15:00:00', NULL, 13, 9, 8),
('completed', '2024-04-30 17:00:00', '2024-05-02 12:00:00', '2024-05-05 15:00:00', NULL, 14, 10, 9),
('completed', '2024-04-25 16:00:00', '2024-04-30 15:00:00', '2024-05-05 20:00:00', NULL, 5, 13, 9),
('completed', '2024-04-30 17:00:00', '2024-05-02 12:00:00', '2024-05-05 15:00:00', NULL, 6, 7, 4),

('completed', '2024-05-05 18:00:00', '2024-05-07 12:00:00', '2024-05-10 15:00:00', NULL, 7, 9, 3),
('completed', '2024-05-10 19:00:00', '2024-05-12 12:00:00', '2024-05-15 15:00:00', NULL, 8, 7, 2),
('completed', '2024-05-15 20:00:00', '2024-05-19 12:00:00', '2024-05-21 15:00:00', NULL, 9, 9, 1),
('completed', '2024-05-20 21:00:00', '2024-05-23 12:00:00', '2024-05-25 15:00:00', NULL, 10, 7, 6),
('completed', '2024-05-25 22:00:00', '2024-05-28 12:00:00', '2024-05-30 15:00:00', NULL, 11, 9, 5),
('completed', '2024-05-30 23:00:00', '2024-06-01 12:00:00', '2024-06-04 15:00:00', NULL, 12, 7, 4),

('completed', '2024-06-01 08:00:00', '2024-06-05 09:00:00', '2024-06-10 11:00:00', NULL, 4, 10, 15),
('completed', '2024-06-06 09:00:00', '2024-06-09 09:00:00', '2024-06-12 11:00:00', NULL, 6, 11, 15),
('completed', '2024-06-08 10:00:00', '2024-06-11 09:00:00', '2024-06-15 11:00:00', NULL, 9, 6, 13),
('in process', '2024-06-16 08:00:00', NULL, NULL, NULL, 5, 11, 4),
('in delivery', '2024-06-17 09:00:00', '2024-06-20 10:00:00', NULL, NULL, 12, 2, 14),
('in process', '2024-06-17 21:00:00', NULL, NULL, NULL, 8, 10, 6),
('in process', '2024-06-18 10:00:00', NULL, NULL, NULL, 1, 3, 13),
('in delivery', '2024-06-19 11:00:00', '2024-06-22 12:00:00', NULL, NULL, 14, 5, 6),
('in process', '2024-06-20 12:00:00', NULL, NULL, NULL, 4, 1, 15),
('in delivery', '2024-06-21 13:00:00', '2024-06-24 14:00:00', NULL, NULL, 7, 3, 6),
('in process', '2024-06-22 14:00:00', NULL, NULL, NULL, 2, 7, 8),
('in delivery', '2024-06-23 15:00:00', '2024-06-26 16:00:00', NULL, NULL, 15, 13, 14);




-- Insert order details for the above orders
INSERT INTO OrderDetails (OrderID, SKU, UnitsofProduct, ProductionStartDate, ProductionEndDate, ProductionStatus) VALUES 
(1, 'SKU001', 150, '2023-01-13 08:00:00', '2023-01-16 10:00:00', 'completed'),
(1, 'SKU002', 100, '2023-01-13 08:00:00', '2023-01-16 10:00:00', 'completed'),

(2, 'SKU003', 120, '2023-01-16 08:00:00', '2023-01-18 10:00:00', 'completed'),
(2, 'SKU013', 200, '2023-01-16 08:00:00', '2023-01-19 10:00:00', 'completed'),

(3, 'SKU008', 170, '2023-01-16 08:00:00', '2023-01-18 10:00:00', 'completed'),
(3, 'SKU012', 130, '2023-01-16 08:00:00', '2023-01-18 10:00:00', 'completed'),

(4, 'SKU006', 50, '2023-01-21 08:00:00', '2023-01-22 10:00:00', 'completed'),
(4, 'SKU013', 100, '2023-01-21 08:00:00', '2023-01-22 10:00:00', 'completed'),

(5, 'SKU007', 250, '2023-01-21 08:00:00', '2023-01-22 10:00:00', 'completed'),

(6, 'SKU008', 150, '2023-01-24 09:00:00', '2023-01-25 11:00:00', 'completed'),
(6, 'SKU010', 200, '2023-01-24 09:00:00', '2023-01-25 10:00:00', 'completed'),

(7, 'SKU011', 100, '2023-02-02 09:00:00', '2023-02-05 11:00:00', 'completed'),
(7, 'SKU013', 350, '2023-02-02 09:00:00', '2023-02-04 10:00:00', 'completed'),

(8, 'SKU012', 150, '2023-02-16 09:00:00', '2023-02-18 13:00:00', 'completed'),
(8, 'SKU014', 100, '2023-02-16 09:00:00', '2023-02-18 13:00:00', 'completed'),

(9, 'SKU007', 88, '2023-02-18 09:00:00', '2023-02-20 13:00:00', 'completed'),
(9, 'SKU005', 111, '2023-02-18 09:00:00', '2023-02-20 13:00:00', 'completed'),

(10, 'SKU006', 50, '2023-02-19 09:00:00', '2023-02-21 13:00:00', 'completed'),
(10, 'SKU014', 100, '2023-02-19 09:00:00', '2023-02-22 13:00:00', 'completed'),

(11, 'SKU003', 200, '2023-03-02 09:00:00', '2023-03-04 11:00:00', 'completed'),
(11, 'SKU004', 50, '2023-03-02 09:00:00', '2023-03-04 11:00:00', 'completed'),

(12, 'SKU003', 200, '2023-03-11 10:00:00', '2023-03-13 11:00:00', 'completed'),
(12, 'SKU005', 75, '2023-03-11 10:00:00', '2023-03-14 11:00:00', 'completed'),
    
(13, 'SKU002', 200, '2023-03-06 11:00:00', '2023-03-09 12:00:00', 'completed'),
(13, 'SKU006', 150, '2023-03-06 11:00:00', '2023-03-08 12:00:00', 'completed'),
    
(14, 'SKU001', 100, '2023-03-14 12:00:00', '2023-03-17 13:00:00', 'completed'),
(14, 'SKU011', 75, '2023-03-14 12:00:00', '2023-03-19 13:00:00', 'completed'),
    
(15, 'SKU003', 50, '2023-03-15 13:00:00', '2023-03-16 14:00:00', 'completed'),
(15, 'SKU004', 150, '2023-03-15 13:00:00', '2023-03-16 14:00:00', 'completed'),
    
(16, 'SKU013', 200, '2023-03-18 14:00:00', '2023-04-20 10:00:00', 'completed'),
(16, 'SKU014', 130, '2023-03-18 14:00:00', '2023-04-20 15:00:00', 'completed'),

(17, 'SKU009', 200, '2023-03-19 14:00:00', '2023-04-22 10:00:00', 'completed'),
(17, 'SKU010', 175, '2023-03-19 14:00:00', '2023-04-21 15:00:00', 'completed'),

(18, 'SKU007', 320, '2023-03-20 14:00:00', '2023-04-23 10:00:00', 'completed'),
(18, 'SKU008', 290, '2023-03-20 14:00:00', '2023-04-21 15:00:00', 'completed'),

(19, 'SKU002', 160, '2023-04-04 10:00:00', '2023-04-06 12:00:00', 'completed'),

(20, 'SKU003', 350, '2023-04-06 10:00:00', '2023-04-07 12:00:00', 'completed'),

(21, 'SKU004', 100, '2023-04-11 10:00:00', '2023-04-13 12:00:00', 'completed'),
(21, 'SKU005', 160, '2023-04-11 10:00:00', '2023-04-13 12:00:00', 'completed'),

(22, 'SKU006', 400, '2023-04-11 10:00:00', '2023-04-12 10:00:00', 'completed'),
(22, 'SKU005', 150, '2023-04-11 10:00:00', '2023-04-12 10:00:00', 'completed'),

(23, 'SKU007', 50, '2023-04-13 10:00:00', '2023-04-14 10:00:00', 'completed'),

(24, 'SKU008', 30, '2023-04-21 10:00:00', '2023-04-22 10:00:00', 'completed'),

(25, 'SKU009', 190, '2023-04-23 11:00:00', '2023-04-25 16:00:00', 'completed'),

(26, 'SKU014', 300, '2023-05-02 09:00:00', '2023-05-02 17:00:00', 'completed'),

(27, 'SKU011', 200, '2023-05-02 09:00:00', '2023-05-04 17:00:00', 'completed'),

(28, 'SKU012', 150, '2023-05-03 17:00:00', '2023-05-05 17:00:00', 'completed'),

(29, 'SKU013', 100, '2023-05-12 09:00:00', '2023-05-15 19:00:00', 'completed'),
(29, 'SKU001', 50, '2023-05-12 09:00:00', '2023-04-14 19:00:00', 'completed'),

(30, 'SKU008', 300, '2023-05-13 09:00:00', '2023-05-15 19:00:00', 'completed'),

(31, 'SKU010', 200, '2023-05-16 09:00:00', '2023-05-18 16:00:00', 'completed'),

(32, 'SKU004', 440, NULL, NULL, 'cancelled'),

(33, 'SKU011', 210, '2023-05-26 17:00:00', '2023-05-28 17:00:00', 'completed'),

(34, 'SKU001', 200, '2024-06-02 08:00:00', '2024-06-04 09:00:00', 'completed'),
(34, 'SKU002', 100, '2024-06-02 08:00:00', '2024-06-04 09:00:00', 'completed'),

(35, 'SKU012', 220, '2023-06-04 14:00:00', '2023-06-06 18:00:00', 'completed'),

(36, 'SKU009', 460, '2023-06-16 18:00:00', '2023-06-18 18:00:00', 'completed'),

(37, 'SKU006', 250, '2023-06-19 11:00:00', '2023-06-20 09:00:00', 'completed'),
(37, 'SKU008', 120, '2023-06-19 11:00:00', '2023-06-20 09:00:00', 'completed'),

(38, 'SKU013', 230, '2023-06-21 13:00:00', '2023-06-24 13:00:00', 'completed'),

(39, 'SKU015', 240, '2023-07-01 09:00:00', '2023-07-02 10:00:00', 'completed'),

(40, 'SKU014', 240, '2023-07-10 12:00:00', '2023-07-12 10:00:00', 'completed'),

(41, 'SKU004', 240, '2023-07-11 12:00:00', '2023-07-13 10:00:00', 'completed'),

(42, 'SKU013', 200, '2023-07-16 09:00:00', '2023-07-16 19:00:00', 'completed'),

(43, 'SKU008', 200, '2023-07-16 09:00:00', '2023-07-18 19:00:00', 'completed'),

(44, 'SKU006', 200, '2023-07-21 09:00:00', '2023-07-21 19:00:00', 'completed'),

(45, 'SKU009', 300, '2023-07-23 09:00:00', '2023-07-24 19:00:00', 'completed'),
(45, 'SKU012', 200, '2023-07-23 09:00:00', '2023-07-25 10:00:00', 'completed'),

(46, 'SKU015', 250, '2023-07-26 11:00:00', '2023-07-28 11:00:00', 'completed'),

(47, 'SKU006', 260, '2023-08-02 09:00:00', '2023-08-02 19:00:00', 'completed'),

(48, 'SKU006', 260, '2023-08-02 12:00:00', '2023-08-04 11:00:00', 'completed'),

(49, 'SKU002', 420, '2023-08-11 09:00:00', '2023-08-12 10:00:00', 'completed'),

(50, 'SKU013', 420, '2023-08-12 10:00:00', '2023-08-14 14:00:00', 'completed'),

(51, 'SKU007', 270, '2023-08-13 13:00:00', '2023-08-15 12:00:00', 'completed'),

(52, 'SKU012', 420, '2023-08-13 14:00:00', '2023-08-15 14:00:00', 'completed'),

(53, 'SKU001', 100, '2023-08-16 09:00:00', '2023-08-14 19:00:00', 'completed'),

(54, 'SKU008', 280, '2023-08-21 10:00:00', '2023-08-23 11:00:00', 'completed'),

(55, 'SKU008', 300, '2023-08-21 12:00:00', '2023-08-23 13:00:00', 'completed'),
(55, 'SKU009', 200, '2023-08-21 12:00:00', '2023-08-23 13:00:00', 'completed'),

(56, 'SKU002', 200, '2023-08-22 09:00:00', '2023-08-22 19:00:00', 'completed'),
(56, 'SKU012', 150, '2023-08-22 10:00:00', '2023-08-22 19:00:00', 'completed'),

(57, 'SKU002', 200, '2023-08-23 09:00:00', '2023-08-25 19:00:00', 'completed'),
(57, 'SKU009', 150, '2023-08-23 10:00:00', '2023-08-26 19:00:00', 'completed'),

(58, 'SKU001', 290, '2023-09-02 11:00:00', '2023-09-05 11:00:00', 'completed'),

(59, 'SKU002', 290, '2023-09-02 11:00:00', '2023-09-03 11:00:00', 'completed'),

(60, 'SKU003', 300, '2023-09-11 10:00:00', '2023-09-12 10:00:00', 'completed'),

(61, 'SKU004', 110, '2023-09-16 10:00:00', '2023-09-18 10:00:00', 'completed'),

(62, 'SKU011', 160, '2023-09-17 13:00:00', '2023-09-18 10:00:00', 'completed'),

(63, 'SKU009', 140, '2023-09-18 09:00:00', '2023-09-19 17:00:00', 'completed'),

(64, 'SKU008', 150, '2023-09-21 09:00:00', '2023-09-22 10:00:00', 'completed'),

(65, 'SKU007', 100, '2023-09-23 09:00:00', '2023-09-24 19:00:00', 'completed'),

(66, 'SKU011', 310, '2023-09-26 08:00:00', '2023-09-28 08:00:00', 'completed'),

(67, 'SKU010', 150, '2023-10-02 13:00:00', '2023-10-03 10:00:00', 'completed'),

(68, 'SKU012', 320, '2023-10-06 09:00:00', '2023-10-09 09:00:00', 'completed'),

(69, 'SKU012', 330, '2023-10-11 09:00:00', '2023-10-12 09:00:00', 'completed'),

(70, 'SKU013', 500, '2023-10-12 09:00:00', '2023-10-15 09:00:00', 'completed'),

(71, 'SKU014', 340, '2023-10-15 10:00:00', '2023-11-16 13:00:00', 'completed'),

(72, 'SKU011', 30, '2023-10-16 09:00:00', '2023-10-16 17:00:00', 'completed'),

(73, 'SKU001', 100, '2023-10-21 09:00:00', '2023-10-24 11:00:00', 'completed'),

(74, 'SKU002', 200, '2023-10-21 09:00:00', '2023-10-23 11:00:00', 'completed'),

(75, 'SKU003', 210, '2023-10-31 09:00:00', '2023-11-03 11:00:00', 'completed'),

(76, 'SKU004', 160, '2023-11-02 09:00:00', '2023-11-03 10:00:00', 'completed'),

(77, 'SKU005', 180, '2023-11-05 09:00:00', '2023-11-07 11:00:00', 'completed'),

(78, 'SKU006', 90, '2023-11-11 09:00:00', '2023-11-11 17:00:00', 'completed'),

(79, 'SKU007', 70, '2023-11-12 09:00:00', '2023-11-13 11:00:00', 'completed'),

(80, 'SKU008', 80, '2023-11-16 09:00:00', '2023-11-17 11:00:00', 'completed'),

(81, 'SKU009', 200, '2023-11-21 09:00:00', '2023-11-23 11:00:00', 'completed'),

(82, 'SKU010', 150, '2023-11-23 09:00:00', '2023-11-25 11:00:00', 'completed'),

(83, 'SKU011', 600, '2023-12-02 09:00:00', '2023-12-05 11:00:00', 'completed'),
(83, 'SKU012', 80, '2023-12-02 09:00:00', '2023-12-04 13:00:00', 'completed'),
(83, 'SKU013', 70, '2023-12-02 09:00:00', '2023-12-03 12:00:00', 'completed'),
(83, 'SKU005', 100, '2023-12-02 09:00:00', '2023-12-02 15:00:00', 'completed'),

(84, 'SKU014', 100, '2023-12-04 09:00:00', '2023-12-05 17:00:00', 'completed'),
(84, 'SKU015', 90, '2023-12-04 09:00:00', '2023-12-06 12:00:00', 'completed'),

(85, 'SKU005', 200, '2023-12-11 09:00:00', '2023-12-13 17:00:00', 'completed'),

(86, 'SKU006', 400, '2023-12-13 09:00:00', '2023-12-16 17:00:00', 'completed'),
(86, 'SKU007', 200, '2023-12-13 09:00:00', '2023-12-15 17:00:00', 'completed'),
(86, 'SKU008', 80, '2023-12-13 09:00:00', '2023-12-14 17:00:00', 'completed'),

(87, 'SKU009', 70, '2023-12-21 09:00:00', '2023-12-22 17:00:00', 'completed'),
(87, 'SKU001', 100, '2023-12-21 09:00:00', '2023-12-23 17:00:00', 'completed'),

(88, 'SKU010', 100, '2023-12-21 09:00:00', '2023-12-21 17:00:00', 'completed'),

(89, 'SKU001', 110, NULL, NULL, 'cancelled'),

(90, 'SKU005', 100, '2024-01-02 09:00:00', '2024-01-02 17:00:00', 'completed'),

(91, 'SKU006', 110, '2024-01-06 09:00:00', '2024-01-07 17:00:00', 'completed'),
(91, 'SKU010', 150, '2024-01-06 09:00:00', '2024-01-08 17:00:00', 'completed'),

(92, 'SKU007', 90, '2024-01-11 09:00:00', '2024-01-11 17:00:00', 'completed'),

(93, 'SKU009', 80, '2024-01-16 09:00:00', '2024-01-16 17:00:00', 'completed'),

(94, 'SKU011', 70, '2024-01-21 09:00:00', '2024-01-23 19:00:00', 'completed'),

(95, 'SKU013', 60, '2024-01-26 09:00:00', '2024-01-26 19:00:00', 'completed'),

(96, 'SKU015', 50, '2024-01-31 09:00:00', '2024-01-31 19:00:00', 'completed'),

(97, 'SKU005', 50, '2024-02-06 09:00:00', '2024-02-06 19:00:00', 'completed'),

(98, 'SKU008', 100, '2024-02-11 09:00:00', '2024-02-11 19:00:00', 'completed'),

(99, 'SKU010', 200, '2024-02-15 09:00:00', '2024-02-17 19:00:00', 'completed'),

(100, 'SKU012', 180, '2024-02-16 09:00:00', '2024-02-17 10:00:00', 'completed'),

(101, 'SKU014', 190, '2024-02-21 09:00:00', '2024-02-21 19:00:00', 'completed'),

(102, 'SKU001', 100, '2024-02-26 09:00:00', '2024-02-26 19:00:00', 'completed'),

(103, 'SKU002', 50, '2024-03-02 09:00:00', '2024-03-02 19:00:00', 'completed'),

(104, 'SKU003', 60, '2024-03-07 09:00:00', '2024-03-08 10:00:00', 'completed'),

(105, 'SKU005', 70, '2024-03-12 09:00:00', '2024-03-12 19:00:00', 'completed'),

(106, 'SKU004', 120, '2024-03-17 09:00:00', '2024-03-17 19:00:00', 'completed'),
(106, 'SKU014', 100, '2024-03-17 09:00:00', '2024-03-17 19:00:00', 'completed'),

(107, 'SKU007', 100, '2024-03-22 09:00:00', '2024-03-22 19:00:00', 'completed'),
(107, 'SKU014', 100, '2024-03-22 09:00:00', '2024-03-22 19:00:00', 'completed'),

(108, 'SKU009', 90, '2024-03-27 09:00:00', '2024-03-27 19:00:00', 'completed'),
(108, 'SKU013', 50, '2024-03-27 09:00:00', '2024-03-27 19:00:00', 'completed'),

(109, 'SKU007', 70, '2024-04-01 09:00:00', '2024-04-01 19:00:00', 'completed'),
(109, 'SKU008', 50, '2024-04-01 09:00:00', '2024-04-01 19:00:00', 'completed'),

(110, 'SKU005', 90, '2024-04-06 09:00:00', '2024-04-07 10:00:00', 'completed'),
(110, 'SKU012', 200, '2024-04-06 09:00:00', '2024-04-07 10:00:00', 'completed'),

(111, 'SKU015', 90, '2024-04-11 09:00:00', '2024-04-11 19:00:00', 'completed'),
(111, 'SKU002', 50, '2024-04-11 09:00:00', '2024-04-11 19:00:00', 'completed'),

(112, 'SKU005', 30, '2024-04-16 09:00:00', '2024-04-16 19:00:00', 'completed'),
(112, 'SKU011', 70, '2024-04-16 09:00:00', '2024-04-16 19:00:00', 'completed'),

(113, 'SKU006', 70, '2024-04-21 09:00:00', '2024-04-21 19:00:00', 'completed'),
(113, 'SKU014', 100, '2024-04-21 09:00:00', '2024-04-21 19:00:00', 'completed'),

(114, 'SKU008', 50, '2024-04-23 09:00:00', '2024-04-25 19:00:00', 'completed'),
(114, 'SKU004', 200, '2024-04-23 09:00:00', '2024-04-26 19:00:00', 'completed'),

(115, 'SKU009', 100, '2024-04-24 09:00:00', '2024-04-25 19:00:00', 'completed'),
(115, 'SKU014', 200, '2024-04-24 09:00:00', '2024-04-25 19:00:00', 'completed'),

(116, 'SKU005', 100, '2024-04-26 09:00:00', '2024-04-28 19:00:00', 'completed'),
(116, 'SKU013', 200, '2024-04-26 09:00:00', '2024-04-29 19:00:00', 'completed'),

(117, 'SKU002', 200, '2024-05-02 09:00:00', '2024-05-03 10:00:00', 'completed'),
(117, 'SKU008', 200, '2024-05-02 09:00:00', '2024-05-03 16:00:00', 'completed'),

(118, 'SKU003', 100, '2024-05-06 09:00:00', '2024-06-07 10:00:00', 'completed'),
(118, 'SKU011', 150, '2024-05-06 09:00:00', '2024-06-07 10:00:00', 'completed'),

(119, 'SKU003', 200, '2024-05-11 09:00:00', '2024-06-11 15:00:00', 'completed'),
(119, 'SKU001', 120, '2024-05-11 09:00:00', '2024-06-11 16:00:00', 'completed'),

(120, 'SKU002', 100, '2024-05-16 09:00:00', '2024-06-17 10:00:00', 'completed'),
(120, 'SKU011', 50, '2024-05-16 09:00:00', '2024-06-18 16:00:00', 'completed'),

(121, 'SKU001', 200, '2024-05-21 09:00:00', '2024-06-22 10:00:00', 'completed'),
(121, 'SKU015', 30, '2024-05-21 09:00:00', '2024-06-21 16:00:00', 'completed'),

(122, 'SKU010', 10, '2024-05-26 09:00:00', '2024-06-27 10:00:00', 'completed'),
(122, 'SKU015', 40, '2024-05-26 09:00:00', '2024-06-27 16:00:00', 'completed'),

(123, 'SKU010', 100, '2024-05-31 09:00:00', '2024-06-01 10:00:00', 'completed'),
(123, 'SKU012', 160, '2024-05-31 09:00:00', '2024-06-01 10:00:00', 'completed'),

(124, 'SKU007', 100, '2024-06-02 09:00:00', '2024-06-03 10:00:00', 'completed'),
(124, 'SKU011', 120, '2024-06-02 09:00:00', '2023-06-04 11:00:00', 'completed'),

(125, 'SKU001', 100, '2024-06-07 09:00:00', '2024-06-08 19:00:00', 'completed'),
(125, 'SKU011', 200, '2024-06-07 09:00:00', '2024-06-08 19:00:00', 'completed'),

(126, 'SKU010', 100, '2024-06-09 09:00:00', '2024-06-10 19:00:00', 'completed'),
(126, 'SKU012', 20, '2024-06-09 09:00:00', '2024-06-10 19:00:00', 'completed'),

(127, 'SKU003', 150, '2024-06-17 16:00:00', NULL, 'in production'),
(127, 'SKU004', 100, '2024-06-17 08:00:00', NULL, 'in production'),

(128, 'SKU005', 250, '2024-06-18 09:00:00', '2024-06-19 11:00:00', 'completed'),
(128, 'SKU006', 200, '2024-06-18 09:00:00', '2024-06-19 13:00:00', 'completed'),

(129, 'SKU004', 100, '2024-06-18 10:00:00', NULL, 'in production'),
(129, 'SKU010', 300, '2024-06-18 10:00:00', NULL, 'in production'),

(130, 'SKU007', 100, '2024-06-19 10:00:00', NULL, 'in production'),
(130, 'SKU008', 300, '2024-06-19 10:00:00', NULL, 'in production'),

(131, 'SKU009', 200, '2024-06-20 13:00:00', '2024-06-21 18:00:00', 'completed'),
(131, 'SKU010', 150, '2024-06-20 11:00:00', '2024-06-22 09:00:00', 'completed'),

(132, 'SKU011', 450, '2024-06-21 12:00:00', NULL, 'in production'),
(132, 'SKU012', 200, '2024-06-21 14:00:00', NULL, 'in production'),

(133, 'SKU013', 300, '2024-06-22 13:00:00', '2024-06-24 12:00:00', 'completed'),
(133, 'SKU014', 150, '2024-06-22 13:00:00', '2024-06-24 10:00:00', 'completed'),

(134, 'SKU015', 200, '2024-06-23 11:00:00', NULL, 'in production'),
(134, 'SKU001', 100, '2024-06-23 14:00:00', NULL, 'in production'),

(135, 'SKU003', 200, '2024-06-24 15:00:00', '2024-06-25 15:00:00', 'completed');