INSERT INTO Supplier (Name, Phone) VALUES 
('ABC Materials', '123-456-7890'),
('XYZ Supplies', '234-567-8901'),
('Top Steel', '344-678-9012'),
('Concrete Masters', '456-789-1123'),
('BrickWorks', '567-890-1254'),
('Insulation Experts', '679-901-2345'),
('Roofing World', '789-012-3457'),
('Metal Pros', '890-123-4568'),
('Cement Central', '901-234-5678'),
('Construction Essentials', '012-345-6789'),
('Steel Giants', '123-456-7891'),
('Urban Materials', '234-568-8901'),
('Prime Raw', '345-678-9012'),
('Building Blocks Co.', '456-789-0123'),
('Quality Materials', '567-890-1234');


INSERT INTO Department (Name) VALUES 
('Production'),
('Sales'),
('Logistics'),
('Accounting'),
('Research & Development'),
('IT'),
('Quality Control'),
('Marketing'),
('Security'),
('Legal');

INSERT INTO ProductionEmployee (FirstName, LastName, DepartmentID) VALUES 
('John', 'Doe', 1),
('Jane', 'Smith', 1),
('James', 'Johnson', 1),
('Emily', 'Brown', 1),
('Michael', 'Davis', 1),
('Sarah', 'Miller', 1),
('David', 'Wilson', 1),
('Laura', 'Moore', 1),
('Daniel', 'Taylor', 1),
('Lisa', 'Anderson', 1),
('Paul', 'McArthur', 1),
('Anna', 'Jackson', 1),
('Mark', 'White', 1);

INSERT INTO Customer (FirstName, LastName, Email, Phone, Address, City, Region, PostalCode, Country, CompanyName) VALUES 
('Alice', 'Wright', 'alice.wright@example.com', '111-223-3333', '123 Elm St', 'Metropolis', 'Region1', 12345, 'CountryA', 'Alice Enterprises'),
('Bob', 'Green', 'bob.green@example.com', '222-333-4464', '456 Oak St', 'Gotham', 'Region2', 23456, 'CountryB', 'Green Solutions'),
('Charlie', 'Black', 'charlie.black@example.com', '337-444-5555', '789 Pine St', 'Star City', 'Region3', 34567, 'CountryC', 'Black Industries'),
('Diana', 'Brown', 'diana.brown@example.com', '444-559-6666', '321 Maple St', 'Central City', 'Region4', 45678, 'CountryD', 'Brown Corp'),
('Eve', 'White', 'eve.white@example.com', '555-666-7778', '654 Cedar St', 'Smallville', 'Region5', 56789, 'CountryE', 'White Enterprises'),
('Frank', 'Gray', 'frank.gray@example.com', '666-777-8288', '987 Birch St', 'Hill Valley', 'Region6', 67890, 'CountryF', 'Gray Industries'),
('Grace', 'Blue', 'grace.blue@example.com', '777-888-9099', '123 Spruce St', 'Sunnydale', 'Region7', 78901, 'CountryG', 'Blue Corp'),
('Henry', 'Red', 'henry.red@example.com', '888-999-0010', '456 Redwood St', 'Raccoon City', 'Region8', 89012, 'CountryH', 'Red Enterprises'),
('Ivy', 'Yellow', 'ivy.yellow@example.com', '994-000-1111', '789 Aspen St', 'Mystic Falls', 'Region9', 90123, 'CountryI', 'Yellow Solutions'),
('Jack', 'Purple', 'jack.purple@example.com', '005-111-2222', '321 Fir St', 'Hogsmeade', 'Region10', 10112, 'CountryJ', 'Purple Corp'),
('Kara', 'Pink', 'kara.pink@example.com', '111-222-3335', '654 Palm St', 'Springfield', 'Region11', 11223, 'CountryK', 'Pink Solutions'),
('Liam', 'Orange', 'liam.orange@example.com', '221-333-4444', '987 Beech St', 'Shelbyville', 'Region12', 12334, 'CountryL', 'Orange Corp'),
('Mia', 'Silver', 'mia.silver@example.com', '333-443-5555', '123 Cypress St', 'Atlantis', 'Region13', 13445, 'CountryM', 'Silver Enterprises'),
('Noah', 'Gold', 'noah.gold@example.com', '444-555-6667', '456 Dogwood St', 'Emerald City', 'Region14', 14556, 'CountryN', 'Gold Solutions'),
('Olivia', 'Platinum', 'olivia.platinum@example.com', '552-666-7777', '789 Alder St', 'Metropolis', 'Region1', 15667, 'CountryO', 'Platinum Corp');

INSERT INTO LogisticsPartner (Name, Phone) VALUES 
('Speedy Delivery', '111-262-3333'),
('FastTrack Logistics', '272-333-4444'),
('QuickShip', '333-444-5575'),
('Express Movers', '444-555-6266'),
('Rapid Transit', '555-666-7767'),
('NextDay Delivery', '666-777-8988'),
('Overnight Express', '777-888-9099'),
('FastLane Couriers', '888-999-0100'),
('SwiftShippers', '999-000-1110'),
('Prime Logistics', '000-111-2212'),
('EcoFreight', '111-222-3323'),
('SecureShip', '222-333-4774'),
('ProMovers', '333-444-5995'),
('Elite Transport', '444-555-6556'),
('DirectDelivery', '555-666-7667');

INSERT INTO Product (SKU, Name, Length, Width, Thickness, Weight, Colour, ComplianceStandards, CostofProduct, Quantity, EstimatedTime, ProductStatus) VALUES 
('SKU001', 'Concrete Block', 39.0, 19.0, 19.0, 14.0, 'Gray', 'ISO 9001', 1.50, 1000, 3, 'in production'),
('SKU002', 'Steel Beam', 600.0, 20.0, 10.0, 50.0, 'Silver', 'ASTM A36', 45.00, 500, 7, 'available'),
('SKU003', 'Roofing Tile', 30.0, 20.0, 1.0, 2.0, 'Red', 'EN 1304', 3.00, 2000, 5, 'available'),
('SKU004', 'Insulation Roll', 1000.0, 50.0, 10.0, 10.0, 'White', 'ISO 14001', 25.00, 150, 4, 'in production'),
('SKU005', 'Cement Bag', 0.5, 0.5, 0.5, 25.0, 'Gray', 'EN 197-1', 5.00, 1000, 2, 'available'),
('SKU006', 'Rebar', 600.0, 2.0, 2.0, 10.0, 'Silver', 'ASTM A615', 7.50, 300, 5, 'in production'),
('SKU007', 'Brick', 20.0, 10.0, 5.0, 3.0, 'Red', 'EN 771-1', 0.75, 5000, 2, 'available'),
('SKU008', 'Plywood', 244.0, 122.0, 2.0, 20.0, 'Brown', 'BS 5268', 15.00, 400, 3, 'available'),
('SKU009', 'Gravel', 0.0, 0.0, 0.0, 50.0, 'Gray', 'EN 12620', 2.00, 1000, 1, 'in production'),
('SKU010', 'Sand', 0.0, 0.0, 0.0, 50.0, 'Yellow', 'EN 13139', 1.50, 1000, 1, 'in production'),
('SKU011', 'Ceramic Tile', 30.0, 30.0, 0.5, 1.5, 'White', 'EN 14411', 2.50, 1500, 3, 'in production'),
('SKU012', 'Fiber Cement Board', 300.0, 150.0, 1.5, 10.0, 'Gray', 'ISO 8336', 18.00, 600, 6, 'available'),
('SKU013', 'Aluminum Sheet', 240.0, 120.0, 0.3, 5.0, 'Silver', 'ASTM B209', 10.00, 700, 4, 'in production'),
('SKU014', 'Glass Pane', 200.0, 100.0, 0.5, 15.0, 'Clear', 'EN 572-1', 50.00, 200, 10, 'available'),
('SKU015', 'Copper Wire', 500.0, 0.5, 0.5, 8.0, 'Copper', 'ASTM B3', 12.00, 800, 3, 'available');

INSERT INTO RawMaterial (Name, SupplierID) VALUES 
('Cement', 1),
('Steel', 2),
('Clay', 3),
('Insulation', 4),
('Paint', 5),
('Sand', 6),
('Gravel', 7),
('Lumber', 8),
('Glass', 9),
('Aluminum', 10),
('Copper', 11),
('PVC', 12),
('Fiberglass', 13),
('Asphalt', 14),
('Ceramic', 15);

INSERT INTO Orders (OrderStatus, SubmittedAt, DeliveryAt, CompletedAt, CancelledAt, CustomerID, EmployeeID, DeliveryPartnerID) VALUES 
('completed', '2024-02-10 10:00:00', '2024-02-12 11:00:00', '2024-02-13 13:00:00', NULL, 15, 7, 15),
('in process', '2024-02-22 17:00:00', NULL, NULL, NULL, 3, 9, 10),
('in process', '2024-03-01 14:00:00', NULL, NULL, NULL, 3, 13, 9),
('in process', '2024-03-02 09:00:00', NULL, NULL, NULL, 6, 6, 6),
('cancelled', '2024-03-05 14:00:00', NULL, NULL, '2024-03-06 09:00:00', 4, 12, 8),
('completed', '2024-03-21 10:00:00', '2024-03-24 11:00:00', '2024-03-26 13:00:00', NULL, 15, 7, 12),
('in delivery', '2024-04-01 13:00:00', '2024-04-03 11:00:00', NULL, NULL, 7, 8, 1),
('in process', '2024-04-10 10:00:00', NULL, NULL, NULL, 9, 2, 9),
('completed', '2024-04-12 09:00:00', '2024-04-16 09:00:00', '2024-04-16 18:00:00', NULL, 12, 2, 6),
('in delivery', '2024-04-25 09:00:00', '2024-05-01 09:00:00', NULL, NULL, 2, 4, 6),
('cancelled', '2024-04-27 08:00:00', NULL, NULL, '2024-04-27 16:00:00', 8, 7, 6),
('completed', '2024-04-30 15:00:00', '2024-05-02 10:00:00', '2024-05-04 12:00:00', NULL, 5, 5, 5),
('in process', '2024-05-01 10:00:00', NULL, NULL, NULL, 1, 5, 7),
('in delivery', '2024-05-01 11:00:00', '2024-05-03 10:00:00', NULL, NULL, 3, 3, 3),
('cancelled', '2024-05-08 12:00:00', NULL, NULL, '2024-05-9 10:00:00', 10, 1, 5),
('in delivery', '2024-05-15 11:00:00', '2024-05-18 13:00:00', NULL, NULL, 11, 11, 11),
('in delivery', '2024-05-20 15:00:00', '2024-05-22 09:00:00', NULL, NULL, 14, 4, 14),
('in process', '2024-05-22 09:30:00', NULL, NULL, NULL, 4, 5, 2),
('in delivery', '2024-05-22 09:30:00', '2024-05-23 12:30:00', NULL, NULL, 3, 7, 11);

--to produce results for the daily report query
INSERT INTO Orders (OrderStatus, SubmittedAt, DeliveryAt, CompletedAt, CancelledAt, CustomerID, EmployeeID, DeliveryPartnerID) VALUES 
('completed', DATEADD(day, -4, GETDATE()), DATEADD(day, -1, GETDATE()), GETDATE(), NULL, 11, 2, 6),
('completed', DATEADD(day, -3, GETDATE()), DATEADD(day, -2, GETDATE()), GETDATE(), NULL, 15, 7, 15),
('in delivery', DATEADD(day, -2, GETDATE()), GETDATE(), NULL, NULL, 12, 9, 11),
('in delivery', DATEADD(day, -1, GETDATE()), GETDATE(), NULL, NULL, 10, 3, 8),
('cancelled', DATEADD(day, -1, GETDATE()), NULL ,NULL , GETDATE(), 1, 8, 12),
('in process', GETDATE(), NULL, NULL, NULL, 8, 7, 15);



INSERT INTO ProductMaterials (SKU, MaterialID) VALUES 
('SKU001', 1),
('SKU002', 2),
('SKU003', 3),
('SKU004', 4),
('SKU005', 1),
('SKU006', 2),
('SKU007', 3),
('SKU008', 8),
('SKU009', 7),
('SKU010', 6),
('SKU011', 15),
('SKU012', 1),
('SKU013', 10),
('SKU014', 9),
('SKU015', 11);

INSERT INTO OrderDetails (OrderID, SKU, UnitsofProduct) VALUES 
(1, 'SKU001', 100),
(1, 'SKU002', 50),
(2, 'SKU003', 200),
(2, 'SKU004', 75),
(3, 'SKU005', 150),
(3, 'SKU006', 100),
(4, 'SKU007', 250),
(4, 'SKU008', 120),
(5, 'SKU009', 300),
(5, 'SKU010', 200),
(6, 'SKU011', 400),
(6, 'SKU012', 150),
(7, 'SKU013', 50),
(7, 'SKU014', 100),
(8, 'SKU015', 70),
(9, 'SKU007', 90),
(9, 'SKU012', 190),
(10, 'SKU004', 80),
(11, 'SKU007', 70),
(11, 'SKU013', 20),
(12, 'SKU002', 150),
(13, 'SKU001', 50),
(14, 'SKU014', 100),
(14, 'SKU009', 50),
(14, 'SKU001', 10),
(15, 'SKU006', 30),
(15, 'SKU008', 20),
(16, 'SKU015', 50),
(17, 'SKU004', 40),
(17, 'SKU006', 30),
(17, 'SKU002', 30),
(18, 'SKU002', 70),
(18, 'SKU012', 80),
(19, 'SKU011', 111);